{
  "index.js -> ../components/GithubProfileCard": {
    "id": 9551,
    "files": [
      "static/chunks/commons.a970b4333120ff058e59.js",
      "static/chunks/675.206f45134bf365b1d727.js",
      "static/chunks/551.ba34cfbc3403c1918a3e.js"
    ]
  },
  "index.js -> ../components/Navigation": {
    "id": 1590,
    "files": [
      "static/chunks/commons.a970b4333120ff058e59.js",
      "static/chunks/317.57297d38e63c7b929f1e.js",
      "static/chunks/590.9c6df8505ffe84e812fa.js"
    ]
  },
  "index.js -> ../containers/Education": {
    "id": 4051,
    "files": [
      "static/chunks/commons.a970b4333120ff058e59.js",
      "static/chunks/51.86c8ad41d2677b033050.js"
    ]
  },
  "index.js -> ../containers/Experience": {
    "id": 3974,
    "files": [
      "static/chunks/commons.a970b4333120ff058e59.js",
      "static/chunks/675.206f45134bf365b1d727.js",
      "static/chunks/39.e6a7d82c4d2b003ce1e1.js",
      "static/chunks/974.b1f9496fae332db16c0a.js"
    ]
  },
  "index.js -> ../containers/Feedbacks": {
    "id": 3519,
    "files": [
      "static/chunks/commons.a970b4333120ff058e59.js",
      "static/chunks/519.0c732ef97b175089abab.js"
    ]
  },
  "index.js -> ../containers/Greetings": {
    "id": 3185,
    "files": [
      "static/chunks/ea88be26.b2d02542211a0353c1bc.js",
      "static/chunks/commons.a970b4333120ff058e59.js",
      "static/chunks/185.cb8b30307f7c5e248ee8.js"
    ]
  },
  "index.js -> ../containers/Proficiency": {
    "id": 7338,
    "files": [
      "static/chunks/ea88be26.b2d02542211a0353c1bc.js",
      "static/chunks/commons.a970b4333120ff058e59.js",
      "static/chunks/338.0e94368a38f15896f8d9.js"
    ]
  },
  "index.js -> ../containers/Projects": {
    "id": 4829,
    "files": [
      "static/chunks/commons.a970b4333120ff058e59.js",
      "static/chunks/829.81d0510cbdf13f31ffe4.js"
    ]
  },
  "index.js -> ../containers/Skills": {
    "id": 5688,
    "files": [
      "static/chunks/ea88be26.b2d02542211a0353c1bc.js",
      "static/chunks/commons.a970b4333120ff058e59.js",
      "static/chunks/317.57297d38e63c7b929f1e.js",
      "static/chunks/546.1e7d65dde2ec4fe35da7.js",
      "static/chunks/688.ba84e73f5be869df9c2c.js"
    ]
  }
}